Controls.js,zyeai5uOq8LGvu1Rr2j4snVIOUY=
Preload.js,mfOhv2JKcLk1Y65scchljVlSzgk=
app-icon-192.png,RkcYxlzpEjd3MJjuK9Uwf27PtOI=
app-icon-192.webp,stb3PynjpTxXv0icjAdVTiAknt0=
app-icon-512.png,5YV6ABKIpzD72VasxEe/q5SzWBY=
app-icon-512.webp,Ox1MOdHwaY3qnLUt/OLJ2yTWCfQ=
chemnitz/index.html,unTzfir0nkK2Olst7Um5NqHh8ak=
dresden/index.html,cxqAXz7GEBteLVe44z98dmwfcAQ=
favicon.ico,qM8bSPfWB71oAH0ewJvIjVwuSEg=
index.html,rw0UEWIVmPYGc0bLbuszwa0/Igc=
logo.png,NRHp4oD4LOmXnzVktQk/foCnFAc=
logo.svg,8Tie+9+OrWqh9etiho++yy30cMI=
logo.webp,mCDRktFp9KFOLX/LQq3Dt2yYItQ=
main.css,Yjb1cN4wBSTwpp7YRtPp00q8W1E=
main.js,UZpKmpEnUIClah1p8aRM25HjcXk=
manifest.json,gQ7OOM9LFOw0Q2dRrjGJT35rd+w=
moon/index.html,QZeg8ByQYLEdnN+wVgm9HA0dDKs=
rapottenstein/index.html,I0NLGF+0FC4L8yfHUw152cSw9AY=
robots.txt,xHzPGknCTMWEJDCqdccu9JEpJBI=
sandbox.js,xYF45jvCXpyw9D87yMyxCvIdW+0=
scenes/AudioAnalyserLights.js,NxB9JG1iN6AfCs+NDe+lEaCHn4o=
scenes/BrainWave.js,w2EEkEfcBcIvwITJ7BH/i9RAIf4=
scenes/Bubbles.js,xKwksy/X1cdt6HEL5j3qH87e7xM=
scenes/Displacement.js,pHM0S/m1V45tugm8QJDLXzB5APM=
scenes/FakeMirror.js,SgspiXOkqfJU2HGLUMj6dBCsZes=
scenes/GameoverOrReplay.js,xuhS0SmwHpPRAgzRG2I+ZpA5pR8=
scenes/GreenscreenPlane.js,5oYbLunzoR9j2IQmotTyh8fef74=
scenes/KinectCloud.js,OfJZiOG+xodwH1njHq2L3h29SH8=
scenes/Latk.js,deDPJFnphKeDVRYKflCy54Jz6VA=
scenes/LightCube.js,iEt/5wkAbTALxPGY2bKgRvR6i/A=
scenes/LiquidDisplacement.js,cREOiTYme5gOKKEi+1FSHYfYU44=
scenes/LiquidLitto.js,mirnnAIIkLHUBTq4KM4WppHvyNo=
scenes/MolecularVortex.js,F7Co7HrzVFiDPU8knm2Uhid5XDI=
scenes/Moon.js,ZJ+08dVRyjtUiYufBVPpuMkFeRQ=
scenes/NadiasVision.js,ZJB1uZk1gB4RGED4rq1ToUEfwv4=
scenes/Ply.js,3EEjQVXEwz/isQiDVUU4w1hL6N0=
toronto/index.html,OXQDf99onpd+I+Plz6GxGnf2DCM=
vendor.js,y/tH6uHAgCFwhbYhpjnoaorGrQ4=
vienna/index.html,2F8hFmPoa2GsLDWV8BEj7gMYcTQ=